Unit name,Time From,Time To,Heat Demand,Produced heat,Electricity Price,Electricity usage,Expenses,Primary energy,CO2
GB,07/08/2023 00:00:00,07/08/2023 01:00:00,1.79,1.79,752.03,0,895,0.39380000000000004,76.97
GB,07/08/2023 01:00:00,07/08/2023 02:00:00,1.85,1.85,691.05,0,925,0.40700000000000003,79.55
GB,07/08/2023 02:00:00,07/08/2023 03:00:00,1.76,1.7599999999999998,674.78,0,880,0.3872,75.67999999999999
GM,07/08/2023 02:00:00,07/08/2023 03:00:00,2.220446049250313E-16,2.220446049250313E-16,674.78,-1.665334536937735E-16,1.3187562153404996E-13,1.1719020815487764E-16,3.9474596431116676E-14
GB,07/08/2023 03:00:00,07/08/2023 04:00:00,1.67,1.67,652.95,0,835,0.3674,71.80999999999999
GB,07/08/2023 04:00:00,07/08/2023 05:00:00,1.73,1.73,666.3,0,865,0.3806,74.39
GB,07/08/2023 05:00:00,07/08/2023 06:00:00,1.79,1.79,654.6,0,895,0.39380000000000004,76.97
GB,07/08/2023 06:00:00,07/08/2023 07:00:00,1.82,1.8199999999999998,637.05,0,910,0.40040000000000003,78.25999999999999
GM,07/08/2023 06:00:00,07/08/2023 07:00:00,2.220446049250313E-16,2.220446049250313E-16,637.05,-1.665334536937735E-16,1.3815892874191604E-13,1.1719020815487764E-16,3.9474596431116676E-14
GB,07/08/2023 07:00:00,07/08/2023 08:00:00,1.81,1.81,639.45,0,905,0.3982,77.83
GB,07/08/2023 08:00:00,07/08/2023 09:00:00,1.84,1.8399999999999999,628.28,0,920,0.40480000000000005,79.12
GM,07/08/2023 08:00:00,07/08/2023 09:00:00,2.220446049250313E-16,2.220446049250313E-16,628.28,-1.665334536937735E-16,1.3961942713081043E-13,1.1719020815487764E-16,3.9474596431116676E-14
GB,07/08/2023 09:00:00,07/08/2023 10:00:00,1.88,1.88,570.3,0,940,0.4136,80.84
GB,07/08/2023 10:00:00,07/08/2023 11:00:00,2,2,456.75,0,1000,0.44000000000000006,86
EK,07/08/2023 11:00:00,07/08/2023 12:00:00,1.86,1.86,347.4,1.86,739.164,0,0
EK,07/08/2023 12:00:00,07/08/2023 13:00:00,1.78,1.78,264.15,1.78,559.1869999999999,0,0
EK,07/08/2023 13:00:00,07/08/2023 14:00:00,1.6,1.6,125.33,1.6,280.528,0,0
EK,07/08/2023 14:00:00,07/08/2023 15:00:00,1.57,1.57,125.48,1.57,275.5036,0,0
EK,07/08/2023 15:00:00,07/08/2023 16:00:00,1.55,1.55,300,1.55,542.5,0,0
GB,07/08/2023 16:00:00,07/08/2023 17:00:00,1.57,1.57,456.75,0,785,0.34540000000000004,67.51
GB,07/08/2023 17:00:00,07/08/2023 18:00:00,1.53,1.53,625.5,0,765,0.3366,65.78999999999999
GM,07/08/2023 18:00:00,07/08/2023 19:00:00,1.52,1.52,804.75,-1.1400000000000001,754.5849999999999,0.8022222222222222,270.22222222222223
GM,07/08/2023 19:00:00,07/08/2023 20:00:00,1.5,1.5,907.5,-1.125,629.0625000000001,0.7916666666666665,266.66666666666663
GM,07/08/2023 20:00:00,07/08/2023 21:00:00,1.5,1.5,965.7,-1.125,563.5874999999999,0.7916666666666665,266.66666666666663
GM,07/08/2023 21:00:00,07/08/2023 22:00:00,1.48,1.48,996.45,-1.11,521.9404999999999,0.7811111111111111,263.1111111111111
GM,07/08/2023 22:00:00,07/08/2023 23:00:00,1.51,1.51,972.9,-1.1325,559.19075,0.7969444444444445,268.44444444444446
GM,07/08/2023 23:00:00,07/09/2023 00:00:00,1.55,1.55,869.4,-1.1625,694.3224999999999,0.8180555555555555,275.55555555555554
GM,07/09/2023 00:00:00,07/09/2023 01:00:00,1.54,1.54,820.8,-1.155,745.9760000000001,0.8127777777777777,273.77777777777777
GB,07/09/2023 01:00:00,07/09/2023 02:00:00,1.47,1.47,763.05,0,735,0.3234,63.209999999999994
GB,07/09/2023 02:00:00,07/09/2023 03:00:00,1.41,1.41,763.65,0,705,0.3102,60.629999999999995
GB,07/09/2023 03:00:00,07/09/2023 04:00:00,1.43,1.43,715.8,0,715,0.3146,61.489999999999995
GB,07/09/2023 04:00:00,07/09/2023 05:00:00,1.43,1.43,718.43,0,715,0.3146,61.489999999999995
GB,07/09/2023 05:00:00,07/09/2023 06:00:00,1.45,1.45,726.9,0,725,0.319,62.349999999999994
GB,07/09/2023 06:00:00,07/09/2023 07:00:00,1.47,1.47,710.1,0,735,0.3234,63.209999999999994
GB,07/09/2023 07:00:00,07/09/2023 08:00:00,1.5,1.5,684,0,750,0.33,64.5
GB,07/09/2023 08:00:00,07/09/2023 09:00:00,1.62,1.62,646.8,0,810,0.35640000000000005,69.66
GB,07/09/2023 09:00:00,07/09/2023 10:00:00,1.7,1.6999999999999997,578.33,0,850,0.374,73.1
EK,07/09/2023 09:00:00,07/09/2023 10:00:00,2.220446049250313E-16,2.220446049250313E-16,578.33,2.220446049250313E-16,1.3951728661254493E-13,0,0
GB,07/09/2023 10:00:00,07/09/2023 11:00:00,1.74,1.7399999999999998,450.9,0,870,0.38280000000000003,74.82
EK,07/09/2023 10:00:00,07/09/2023 11:00:00,2.220446049250313E-16,2.220446049250313E-16,450.9,2.220446049250313E-16,1.1122214260694818E-13,0,0
EK,07/09/2023 11:00:00,07/09/2023 12:00:00,1.68,1.68,375.9,1.68,715.512,0,0
EK,07/09/2023 12:00:00,07/09/2023 13:00:00,1.58,1.58,342.68,1.58,620.4344,0,0
EK,07/09/2023 13:00:00,07/09/2023 14:00:00,1.45,1.45,277.43,1.45,474.7735,0,0
EK,07/09/2023 14:00:00,07/09/2023 15:00:00,1.43,1.43,336.38,1.43,552.5234,0,0
EK,07/09/2023 15:00:00,07/09/2023 16:00:00,1.42,1.42,413.63,1.42,658.3546,0,0
GB,07/09/2023 16:00:00,07/09/2023 17:00:00,1.47,1.47,547.35,0,735,0.3234,63.209999999999994
GB,07/09/2023 17:00:00,07/09/2023 18:00:00,1.46,1.46,618,0,730,0.3212,62.779999999999994
GB,07/09/2023 18:00:00,07/09/2023 19:00:00,1.5,1.5,783.08,0,750,0.33,64.5
GM,07/09/2023 19:00:00,07/09/2023 20:00:00,1.5,1.5,916.58,-1.125,618.8475000000001,0.7916666666666665,266.66666666666663
GM,07/09/2023 20:00:00,07/09/2023 21:00:00,1.44,1.44,990,-1.08,514.8000000000002,0.7599999999999999,255.99999999999997
GM,07/09/2023 21:00:00,07/09/2023 22:00:00,1.45,1.45,1005.75,-1.0875,501.24687500000005,0.7652777777777776,257.77777777777777
GM,07/09/2023 22:00:00,07/09/2023 23:00:00,1.44,1.44,990.9,-1.08,513.828,0.7599999999999999,255.99999999999997
GM,07/09/2023 23:00:00,07/10/2023 00:00:00,1.47,1.47,897,-1.1025,628.0575,0.7758333333333333,261.3333333333333
GM,07/10/2023 00:00:00,07/10/2023 01:00:00,1.4,1.4,843.68,-1.05,654.1360000000001,0.7388888888888887,248.88888888888886
GB,07/10/2023 01:00:00,07/10/2023 02:00:00,1.32,1.32,765,0,660,0.29040000000000005,56.760000000000005
GB,07/10/2023 02:00:00,07/10/2023 03:00:00,1.28,1.28,707.25,0,640,0.2816,55.04
GB,07/10/2023 03:00:00,07/10/2023 04:00:00,1.33,1.33,689.55,0,665,0.2926,57.190000000000005
GB,07/10/2023 04:00:00,07/10/2023 05:00:00,1.35,1.35,699.83,0,675,0.29700000000000004,58.050000000000004
GB,07/10/2023 05:00:00,07/10/2023 06:00:00,1.35,1.35,788.55,0,675,0.29700000000000004,58.050000000000004
GM,07/10/2023 06:00:00,07/10/2023 07:00:00,1.42,1.42,912.53,-1.065,590.15555,0.7494444444444444,252.44444444444443
GM,07/10/2023 07:00:00,07/10/2023 08:00:00,1.49,1.49,995.85,-1.1175,526.1376250000001,0.7863888888888888,264.88888888888886
GM,07/10/2023 08:00:00,07/10/2023 09:00:00,1.55,1.55,1007.03,-1.1625,534.3276249999999,0.8180555555555555,275.55555555555554
GM,07/10/2023 09:00:00,07/10/2023 10:00:00,1.58,1.58,884.63,-1.185,689.71345,0.8338888888888888,280.8888888888889
GB,07/10/2023 10:00:00,07/10/2023 11:00:00,1.68,1.6799999999999997,789.6,0,840,0.3696,72.24
GM,07/10/2023 10:00:00,07/10/2023 11:00:00,2.220446049250313E-16,2.220446049250313E-16,789.6,-1.665334536937735E-16,1.1275425038093089E-13,1.1719020815487764E-16,3.9474596431116676E-14
GB,07/10/2023 11:00:00,07/10/2023 12:00:00,1.73,1.73,712.43,0,865,0.3806,74.39
GB,07/10/2023 12:00:00,07/10/2023 13:00:00,1.68,1.6799999999999997,669.23,0,840,0.3696,72.24
GM,07/10/2023 12:00:00,07/10/2023 13:00:00,2.220446049250313E-16,2.220446049250313E-16,669.23,-1.665334536937735E-16,1.3279988220205038E-13,1.1719020815487764E-16,3.9474596431116676E-14
GB,07/10/2023 13:00:00,07/10/2023 14:00:00,1.62,1.62,601.2,0,810,0.35640000000000005,69.66
GB,07/10/2023 14:00:00,07/10/2023 15:00:00,1.51,1.51,483.53,0,755,0.3322,64.92999999999999
GB,07/10/2023 15:00:00,07/10/2023 16:00:00,1.53,1.53,463.58,0,765,0.3366,65.78999999999999
GB,07/10/2023 16:00:00,07/10/2023 17:00:00,1.46,1.46,472.05,0,730,0.3212,62.779999999999994
GB,07/10/2023 17:00:00,07/10/2023 18:00:00,1.51,1.51,602.7,0,755,0.3322,64.92999999999999
GM,07/10/2023 18:00:00,07/10/2023 19:00:00,1.55,1.55,914.78,-1.1625,641.56825,0.8180555555555555,275.55555555555554
GM,07/10/2023 19:00:00,07/10/2023 20:00:00,1.53,1.53,1241.18,-1.1475,258.74594999999977,0.8075,272
GM,07/10/2023 20:00:00,07/10/2023 21:00:00,1.5,1.5,1319.18,-1.125,165.9224999999999,0.7916666666666665,266.66666666666663
GM,07/10/2023 21:00:00,07/10/2023 22:00:00,1.49,1.49,1350.53,-1.1175,129.78272500000003,0.7863888888888888,264.88888888888886
GM,07/10/2023 22:00:00,07/10/2023 23:00:00,1.47,1.47,1221.9,-1.1025,269.85524999999984,0.7758333333333333,261.3333333333333
GM,07/10/2023 23:00:00,07/11/2023 00:00:00,1.57,1.57,1002.75,-1.1775,546.2618749999999,0.8286111111111111,279.1111111111111
GM,07/11/2023 00:00:00,07/11/2023 01:00:00,1.53,1.53,933.08,-1.1475,612.2907,0.8075,272
GM,07/11/2023 01:00:00,07/11/2023 02:00:00,1.54,1.54,868.05,-1.155,691.40225,0.8127777777777777,273.77777777777777
GB,07/11/2023 02:00:00,07/11/2023 03:00:00,1.42,1.42,789.68,0,710,0.3124,61.059999999999995
GB,07/11/2023 03:00:00,07/11/2023 04:00:00,1.46,1.46,755.1,0,730,0.3212,62.779999999999994
GB,07/11/2023 04:00:00,07/11/2023 05:00:00,1.48,1.48,747.75,0,740,0.3256,63.63999999999999
GM,07/11/2023 05:00:00,07/11/2023 06:00:00,1.56,1.56,845.55,-1.1700000000000002,726.7064999999999,0.8233333333333334,277.33333333333337
GM,07/11/2023 06:00:00,07/11/2023 07:00:00,1.6,1.6,926.63,-1.2000000000000002,648.0439999999999,0.8444444444444444,284.44444444444446
GM,07/11/2023 07:00:00,07/11/2023 08:00:00,1.68,1.68,940.43,-1.26,663.0582000000002,0.8866666666666665,298.66666666666663
GM,07/11/2023 08:00:00,07/11/2023 09:00:00,1.8,1.8,907.13,-1.35,755.3744999999999,0.95,320
GB,07/11/2023 09:00:00,07/11/2023 10:00:00,1.78,1.7799999999999998,788.25,0,890,0.3916,76.53999999999999
GM,07/11/2023 09:00:00,07/11/2023 10:00:00,2.220446049250313E-16,2.220446049250313E-16,788.25,-1.665334536937735E-16,1.1297907054341749E-13,1.1719020815487764E-16,3.9474596431116676E-14
GB,07/11/2023 10:00:00,07/11/2023 11:00:00,1.83,1.83,686.78,0,915,0.4026,78.69
GB,07/11/2023 11:00:00,07/11/2023 12:00:00,1.92,1.92,489.38,0,960,0.42240000000000005,82.56
EK,07/11/2023 12:00:00,07/11/2023 13:00:00,1.93,1.93,422.85,1.93,912.6005,0,0
EK,07/11/2023 13:00:00,07/11/2023 14:00:00,1.91,1.91,347.93,1.91,760.0463,0,0
EK,07/11/2023 14:00:00,07/11/2023 15:00:00,1.72,1.72,355.43,1.72,697.3396,0,0
EK,07/11/2023 15:00:00,07/11/2023 16:00:00,1.64,1.64,434.1,1.64,793.924,0,0
GB,07/11/2023 16:00:00,07/11/2023 17:00:00,1.59,1.59,510,0,795,0.34980000000000006,68.37
GB,07/11/2023 17:00:00,07/11/2023 18:00:00,1.53,1.53,698.4,0,765,0.3366,65.78999999999999
GM,07/11/2023 18:00:00,07/11/2023 19:00:00,1.61,1.61,855,-1.2075000000000002,738.5874999999999,0.8497222222222223,286.22222222222223
GM,07/11/2023 19:00:00,07/11/2023 20:00:00,1.69,1.69,1061.63,-1.2675,513.383975,0.8919444444444444,300.44444444444446
GM,07/11/2023 20:00:00,07/11/2023 21:00:00,1.65,1.65,1200.15,-1.2375,329.8143749999997,0.8708333333333332,293.3333333333333
GM,07/11/2023 21:00:00,07/11/2023 22:00:00,1.62,1.62,1005.68,-1.215,560.0988,0.855,288
GM,07/11/2023 22:00:00,07/11/2023 23:00:00,1.56,1.56,892.5,-1.1700000000000002,671.7749999999999,0.8233333333333334,277.33333333333337
GB,07/11/2023 23:00:00,07/12/2023 00:00:00,1.62,1.62,772.73,0,810,0.35640000000000005,69.66
GB,07/12/2023 00:00:00,07/12/2023 01:00:00,1.7,1.6999999999999997,738.53,0,850,0.374,73.1
GM,07/12/2023 00:00:00,07/12/2023 01:00:00,2.220446049250313E-16,2.220446049250313E-16,738.53,-1.665334536937735E-16,1.212591138610719E-13,1.1719020815487764E-16,3.9474596431116676E-14
GB,07/12/2023 01:00:00,07/12/2023 02:00:00,1.66,1.6599999999999997,682.5,0,830,0.36519999999999997,71.38
GM,07/12/2023 01:00:00,07/12/2023 02:00:00,2.220446049250313E-16,2.220446049250313E-16,682.5,-1.665334536937735E-16,1.3058998327153401E-13,1.1719020815487764E-16,3.9474596431116676E-14
GB,07/12/2023 02:00:00,07/12/2023 03:00:00,1.62,1.62,675,0,810,0.35640000000000005,69.66
GB,07/12/2023 03:00:00,07/12/2023 04:00:00,1.55,1.55,615.68,0,775,0.341,66.65
GB,07/12/2023 04:00:00,07/12/2023 05:00:00,1.58,1.58,580.5,0,790,0.3476,67.94
GB,07/12/2023 05:00:00,07/12/2023 06:00:00,1.61,1.61,570,0,805,0.3542,69.23
GB,07/12/2023 06:00:00,07/12/2023 07:00:00,1.66,1.6599999999999997,661.65,0,830,0.36519999999999997,71.38
GM,07/12/2023 06:00:00,07/12/2023 07:00:00,2.220446049250313E-16,2.220446049250313E-16,661.65,-1.665334536937735E-16,1.340622057810492E-13,1.1719020815487764E-16,3.9474596431116676E-14
GM,07/12/2023 07:00:00,07/12/2023 08:00:00,1.75,1.75,865.5,-1.3125,789.0312499999998,0.923611111111111,311.1111111111111
GM,07/12/2023 08:00:00,07/12/2023 09:00:00,1.78,1.78,900,-1.3350000000000002,756.5,0.9394444444444444,316.44444444444446
GB,07/12/2023 09:00:00,07/12/2023 10:00:00,1.76,1.7599999999999998,767.48,0,880,0.3872,75.67999999999999
GM,07/12/2023 09:00:00,07/12/2023 10:00:00,2.220446049250313E-16,2.220446049250313E-16,767.48,-1.665334536937735E-16,1.1643797037663714E-13,1.1719020815487764E-16,3.9474596431116676E-14
GB,07/12/2023 10:00:00,07/12/2023 11:00:00,1.76,1.7599999999999998,622.5,0,880,0.3872,75.67999999999999
GM,07/12/2023 10:00:00,07/12/2023 11:00:00,2.220446049250313E-16,2.220446049250313E-16,622.5,-1.665334536937735E-16,1.4058199049316045E-13,1.1719020815487764E-16,3.9474596431116676E-14
EK,07/12/2023 11:00:00,07/12/2023 12:00:00,1.94,1.94,380.78,1.94,835.7131999999999,0,0
EK,07/12/2023 12:00:00,07/12/2023 13:00:00,1.86,1.86,119.03,1.86,314.3958,0,0
EK,07/12/2023 13:00:00,07/12/2023 14:00:00,1.79,1.79,96.9,1.79,262.951,0,0
EK,07/12/2023 14:00:00,07/12/2023 15:00:00,1.62,1.62,144.98,1.62,315.86760000000004,0,0
EK,07/12/2023 15:00:00,07/12/2023 16:00:00,1.55,1.55,202.73,1.55,391.7315,0,0
EK,07/12/2023 16:00:00,07/12/2023 17:00:00,1.55,1.55,221.18,1.55,420.329,0,0
EK,07/12/2023 17:00:00,07/12/2023 18:00:00,1.53,1.53,328.65,1.53,579.3344999999999,0,0
EK,07/12/2023 18:00:00,07/12/2023 19:00:00,1.56,1.56,375.45,1.56,663.702,0,0
GB,07/12/2023 19:00:00,07/12/2023 20:00:00,1.59,1.59,601.95,0,795,0.34980000000000006,68.37
GM,07/12/2023 20:00:00,07/12/2023 21:00:00,1.61,1.61,1043.25,-1.2075000000000002,511.275625,0.8497222222222223,286.22222222222223
GM,07/12/2023 21:00:00,07/12/2023 22:00:00,1.61,1.61,939,-1.2075000000000002,637.1574999999998,0.8497222222222223,286.22222222222223
GM,07/12/2023 22:00:00,07/12/2023 23:00:00,1.67,1.67,945.08,-1.2525,653.2873,0.8813888888888888,296.88888888888886
GM,07/12/2023 23:00:00,07/13/2023 00:00:00,1.66,1.66,854.33,-1.245,762.35915,0.8761111111111111,295.1111111111111
GB,07/13/2023 00:00:00,07/13/2023 01:00:00,1.67,1.67,786.9,0,835,0.3674,71.80999999999999
GB,07/13/2023 01:00:00,07/13/2023 02:00:00,1.65,1.65,642.45,0,825,0.363,70.94999999999999
GB,07/13/2023 02:00:00,07/13/2023 03:00:00,1.6,1.6,592.5,0,800,0.35200000000000004,68.8
GB,07/13/2023 03:00:00,07/13/2023 04:00:00,1.55,1.55,563.18,0,775,0.341,66.65
GB,07/13/2023 04:00:00,07/13/2023 05:00:00,1.6,1.6,570,0,800,0.35200000000000004,68.8
GB,07/13/2023 05:00:00,07/13/2023 06:00:00,1.68,1.6799999999999997,663.83,0,840,0.3696,72.24
GM,07/13/2023 05:00:00,07/13/2023 06:00:00,2.220446049250313E-16,2.220446049250313E-16,663.83,-1.665334536937735E-16,1.3369916285199678E-13,1.1719020815487764E-16,3.9474596431116676E-14
GB,07/13/2023 06:00:00,07/13/2023 07:00:00,1.71,1.71,766.73,0,855,0.3762,73.52999999999999
GM,07/13/2023 07:00:00,07/13/2023 08:00:00,1.78,1.78,828.53,-1.3350000000000002,851.91245,0.9394444444444444,316.44444444444446
GM,07/13/2023 08:00:00,07/13/2023 09:00:00,2.04,2.04,893.25,-1.53,877.3274999999999,1.0766666666666667,362.66666666666663
GB,07/13/2023 09:00:00,07/13/2023 10:00:00,2.02,2.02,652.2,0,1010,0.4444000000000001,86.86
EK,07/13/2023 10:00:00,07/13/2023 11:00:00,1.8,1.8,365.78,1.8,748.404,0,0
EK,07/13/2023 11:00:00,07/13/2023 12:00:00,1.73,1.73,356.93,1.73,703.9889000000001,0,0
EK,07/13/2023 12:00:00,07/13/2023 13:00:00,1.72,1.72,370.43,1.72,723.1396,0,0
EK,07/13/2023 13:00:00,07/13/2023 14:00:00,1.62,1.62,348.75,1.62,645.975,0,0
EK,07/13/2023 14:00:00,07/13/2023 15:00:00,1.62,1.62,348.75,1.62,645.975,0,0
EK,07/13/2023 15:00:00,07/13/2023 16:00:00,1.67,1.67,350.63,1.67,669.0521,0,0
EK,07/13/2023 16:00:00,07/13/2023 17:00:00,1.61,1.61,338.03,1.61,624.7283,0,0
EK,07/13/2023 17:00:00,07/13/2023 18:00:00,1.65,1.65,351.98,1.65,663.267,0,0
EK,07/13/2023 18:00:00,07/13/2023 19:00:00,1.65,1.65,417.68,1.65,771.672,0,0
GM,07/13/2023 19:00:00,07/13/2023 20:00:00,1.67,1.67,867.23,-1.2525,750.794425,0.8813888888888888,296.88888888888886
GM,07/13/2023 20:00:00,07/13/2023 21:00:00,1.68,1.68,981.45,-1.26,611.3729999999998,0.8866666666666665,298.66666666666663
GM,07/13/2023 21:00:00,07/13/2023 22:00:00,1.62,1.62,1034.18,-1.215,525.4712999999999,0.855,288
GM,07/13/2023 22:00:00,07/13/2023 23:00:00,1.61,1.61,972.53,-1.2075000000000002,596.6700249999999,0.8497222222222223,286.22222222222223
GM,07/13/2023 23:00:00,07/14/2023 00:00:00,1.7,1.7,882.9,-1.2750000000000001,744.3025,0.8972222222222221,302.22222222222223
GB,07/14/2023 00:00:00,07/14/2023 01:00:00,1.71,1.71,757.5,0,855,0.3762,73.52999999999999
GB,07/14/2023 01:00:00,07/14/2023 02:00:00,1.75,1.75,722.7,0,875,0.385,75.25
GB,07/14/2023 02:00:00,07/14/2023 03:00:00,1.66,1.6599999999999997,634.13,0,830,0.36519999999999997,71.38
GM,07/14/2023 02:00:00,07/14/2023 03:00:00,2.220446049250313E-16,2.220446049250313E-16,634.13,-1.665334536937735E-16,1.3864520642670184E-13,1.1719020815487764E-16,3.9474596431116676E-14
GB,07/14/2023 03:00:00,07/14/2023 04:00:00,1.64,1.6399999999999997,626.85,0,820,0.3608,70.52
GM,07/14/2023 03:00:00,07/14/2023 04:00:00,2.220446049250313E-16,2.220446049250313E-16,626.85,-1.665334536937735E-16,1.3985756996959252E-13,1.1719020815487764E-16,3.9474596431116676E-14
GB,07/14/2023 04:00:00,07/14/2023 05:00:00,1.7,1.6999999999999997,700.13,0,850,0.374,73.1
GM,07/14/2023 04:00:00,07/14/2023 05:00:00,2.220446049250313E-16,2.220446049250313E-16,700.13,-1.665334536937735E-16,1.276539984829128E-13,1.1719020815487764E-16,3.9474596431116676E-14
GB,07/14/2023 05:00:00,07/14/2023 06:00:00,1.78,1.7799999999999998,745.13,0,890,0.3916,76.53999999999999
GM,07/14/2023 05:00:00,07/14/2023 06:00:00,2.220446049250313E-16,2.220446049250313E-16,745.13,-1.665334536937735E-16,1.2015999306669299E-13,1.1719020815487764E-16,3.9474596431116676E-14
GM,07/14/2023 06:00:00,07/14/2023 07:00:00,1.8,1.8,855,-1.35,825.75,0.95,320
GM,07/14/2023 07:00:00,07/14/2023 08:00:00,1.78,1.78,855,-1.3350000000000002,816.575,0.9394444444444444,316.44444444444446
GB,07/14/2023 08:00:00,07/14/2023 09:00:00,1.82,1.8199999999999998,778.2,0,910,0.40040000000000003,78.25999999999999
GM,07/14/2023 08:00:00,07/14/2023 09:00:00,2.220446049250313E-16,2.220446049250313E-16,778.2,-1.665334536937735E-16,1.146527317530399E-13,1.1719020815487764E-16,3.9474596431116676E-14
GB,07/14/2023 09:00:00,07/14/2023 10:00:00,1.9,1.9,638.03,0,950,0.41800000000000004,81.7
GB,07/14/2023 10:00:00,07/14/2023 11:00:00,1.86,1.8599999999999999,597.83,0,930,0.4092,79.98
EK,07/14/2023 10:00:00,07/14/2023 11:00:00,2.220446049250313E-16,2.220446049250313E-16,597.83,2.220446049250313E-16,1.4384715640858304E-13,0,0
GB,07/14/2023 11:00:00,07/14/2023 12:00:00,1.88,1.88,572.93,0,940,0.4136,80.84
GB,07/14/2023 12:00:00,07/14/2023 13:00:00,1.83,1.83,553.5,0,915,0.4026,78.69
GB,07/14/2023 13:00:00,07/14/2023 14:00:00,1.76,1.7599999999999998,523.88,0,880,0.3872,75.67999999999999
EK,07/14/2023 13:00:00,07/14/2023 14:00:00,2.220446049250313E-16,2.220446049250313E-16,523.88,2.220446049250313E-16,1.2742695787437697E-13,0,0
GB,07/14/2023 14:00:00,07/14/2023 15:00:00,1.63,1.63,563.48,0,815,0.3586,70.08999999999999
GB,07/14/2023 15:00:00,07/14/2023 16:00:00,1.57,1.57,582.75,0,785,0.34540000000000004,67.51
GB,07/14/2023 16:00:00,07/14/2023 17:00:00,1.55,1.55,581.63,0,775,0.341,66.65
GB,07/14/2023 17:00:00,07/14/2023 18:00:00,1.54,1.54,730.95,0,770,0.33880000000000005,66.22
GM,07/14/2023 18:00:00,07/14/2023 19:00:00,1.56,1.56,864.38,-1.1700000000000002,704.6754,0.8233333333333334,277.33333333333337
GM,07/14/2023 19:00:00,07/14/2023 20:00:00,1.56,1.56,1051.43,-1.1700000000000002,485.8268999999998,0.8233333333333334,277.33333333333337
GM,07/14/2023 20:00:00,07/14/2023 21:00:00,1.59,1.59,1049.4,-1.1925000000000001,497.5904999999998,0.8391666666666666,282.66666666666663
GM,07/14/2023 21:00:00,07/14/2023 22:00:00,1.57,1.57,929.4,-1.1775,632.6315,0.8286111111111111,279.1111111111111
GB,07/14/2023 22:00:00,07/14/2023 23:00:00,1.55,1.55,714.38,0,775,0.341,66.65
GB,07/14/2023 23:00:00,07/15/2023 00:00:00,1.62,1.62,607.05,0,810,0.35640000000000005,69.66
GM,02/08/2023 00:00:00,02/08/2023 01:00:00,6.62,3.6,1190.94,-2.7,1368.982899999999,1.9,640
GB,02/08/2023 00:00:00,02/08/2023 01:00:00,3.02,3.02,1190.94,0,1510,0.6644,129.85999999999999
GM,02/08/2023 01:00:00,02/08/2023 02:00:00,6.85,3.6,1154.55,-2.7,1603.4993749999994,1.9,640
GB,02/08/2023 01:00:00,02/08/2023 02:00:00,3.2499999999999996,3.2499999999999996,1154.55,0,1624.9999999999998,0.715,139.74999999999997
GM,02/08/2023 02:00:00,02/08/2023 03:00:00,6.98,3.6,1116.22,-2.7,1834.5883000000003,1.9,640
GB,02/08/2023 02:00:00,02/08/2023 03:00:00,3.3800000000000003,3.3800000000000003,1116.22,0,1690.0000000000002,0.7436000000000001,145.34
GM,02/08/2023 03:00:00,02/08/2023 04:00:00,7.04,3.6,1101.12,-2.7,1930.0864000000001,1.9,640
GB,02/08/2023 03:00:00,02/08/2023 04:00:00,3.44,3.4399999999999995,1101.12,0,1720,0.7568,147.92
OB,02/08/2023 03:00:00,02/08/2023 04:00:00,4.440892098500626E-16,4.440892098500626E-16,1101.12,0,3.1086244689504383E-13,1.3322676295501878E-16,2.942091015256665E-14
GM,02/08/2023 04:00:00,02/08/2023 05:00:00,7.72,3.6,1086.24,-2.7,2202.670399999999,1.9,640
GB,02/08/2023 04:00:00,02/08/2023 05:00:00,4.119999999999999,4.119999999999999,1086.24,0,2059.9999999999995,0.9063999999999999,177.15999999999997
GM,02/08/2023 05:00:00,02/08/2023 06:00:00,7.85,3.6,1109.53,-2.7,2102.6421250000003,1.9,640
GB,02/08/2023 05:00:00,02/08/2023 06:00:00,4.25,4.25,1109.53,0,2125,0.935,182.75
GM,02/08/2023 06:00:00,02/08/2023 07:00:00,8.15,3.6,1307.4,-2.7,973.517499999999,1.9,640
GB,02/08/2023 06:00:00,02/08/2023 07:00:00,4.550000000000001,4.550000000000001,1307.4,0,2275.0000000000005,1.0010000000000003,195.65000000000003
GM,02/08/2023 07:00:00,02/08/2023 08:00:00,7.62,3.6,1463.3,-2.7,19.240499999999884,1.9,640
GB,02/08/2023 07:00:00,02/08/2023 08:00:00,4.02,4.02,1463.3,0,2009.9999999999998,0.8844,172.85999999999999
GM,02/08/2023 08:00:00,02/08/2023 09:00:00,7.55,3.6,1608.78,-2.7,-804.7167500000014,1.9,640
GB,02/08/2023 08:00:00,02/08/2023 09:00:00,3.9499999999999997,3.9499999999999997,1608.78,0,1974.9999999999998,0.869,169.85
GM,02/08/2023 09:00:00,02/08/2023 10:00:00,7.6,3.6,1309.7,-2.7,894.7099999999991,1.9,640
GB,02/08/2023 09:00:00,02/08/2023 10:00:00,3.9999999999999996,3.9999999999999996,1309.7,0,1999.9999999999998,0.88,171.99999999999997
GM,02/08/2023 10:00:00,02/08/2023 11:00:00,7.75,3.6,952.51,-2.7,2988.5356250000004,1.9,640
GB,02/08/2023 10:00:00,02/08/2023 11:00:00,4.15,4.15,952.51,0,2075,0.9130000000000001,178.45000000000002
GM,02/08/2023 11:00:00,02/08/2023 12:00:00,7.06,3.6,882.93,-2.7,3090.88565,1.9,640
GB,02/08/2023 11:00:00,02/08/2023 12:00:00,3.4599999999999995,3.46,882.93,0,1729.9999999999998,0.7612,148.78
GM,02/08/2023 12:00:00,02/08/2023 13:00:00,6.68,3.6,860.31,-2.7,3037.8469000000005,1.9,640
GB,02/08/2023 12:00:00,02/08/2023 13:00:00,3.0799999999999996,3.079999999999999,860.31,0,1539.9999999999998,0.6775999999999999,132.43999999999997
OB,02/08/2023 12:00:00,02/08/2023 13:00:00,4.440892098500626E-16,4.440892098500626E-16,860.31,0,3.1086244689504383E-13,1.3322676295501878E-16,2.942091015256665E-14
GM,02/08/2023 13:00:00,02/08/2023 14:00:00,6.73,3.6,854.88,-2.7,3087.993200000001,1.9,640
GB,02/08/2023 13:00:00,02/08/2023 14:00:00,3.1300000000000003,3.130000000000001,854.88,0,1565.0000000000002,0.6886000000000002,134.59000000000003
GM,02/08/2023 14:00:00,02/08/2023 15:00:00,6.84,3.6,850.12,-2.7,3162.8844,1.9,640
GB,02/08/2023 14:00:00,02/08/2023 15:00:00,3.2399999999999998,3.2399999999999993,850.12,0,1619.9999999999998,0.7128,139.32
OB,02/08/2023 14:00:00,02/08/2023 15:00:00,4.440892098500626E-16,4.440892098500626E-16,850.12,0,3.1086244689504383E-13,1.3322676295501878E-16,2.942091015256665E-14
GM,02/08/2023 15:00:00,02/08/2023 16:00:00,7.3,3.6,933.09,-2.7,2921.3322499999995,1.9,640
GB,02/08/2023 15:00:00,02/08/2023 16:00:00,3.6999999999999997,3.7,933.09,0,1849.9999999999998,0.8140000000000001,159.1
GM,02/08/2023 16:00:00,02/08/2023 17:00:00,7.39,3.6,953.26,-2.7,2845.55645,1.9,640
GB,02/08/2023 16:00:00,02/08/2023 17:00:00,3.7899999999999996,3.7899999999999996,953.26,0,1894.9999999999998,0.8338,162.96999999999997
GM,02/08/2023 17:00:00,02/08/2023 18:00:00,7.68,3.6,951.1,-2.7,2969.6639999999998,1.9,640
GB,02/08/2023 17:00:00,02/08/2023 18:00:00,4.08,4.08,951.1,0,2040,0.8976000000000002,175.44000000000003
GB,02/08/2023 18:00:00,02/08/2023 19:00:00,7.38,5,765.21,0,3690,1.1,215
GM,02/08/2023 18:00:00,02/08/2023 19:00:00,2.38,2.38,765.21,-1.7850000000000001,1252.10015,1.256111111111111,423.1111111111111
GB,02/08/2023 19:00:00,02/08/2023 20:00:00,7.4,5,716.47,0,3700,1.1,215
GM,02/08/2023 19:00:00,02/08/2023 20:00:00,2.4000000000000004,2.4000000000000004,716.47,-1.8000000000000003,1350.354,1.2666666666666668,426.66666666666674
GB,02/08/2023 20:00:00,02/08/2023 21:00:00,7.56,5,696.3,0,3780,1.1,215
GM,02/08/2023 20:00:00,02/08/2023 21:00:00,2.5599999999999996,2.5599999999999996,696.3,-1.92,1479.1039999999998,1.351111111111111,455.1111111111111
GB,02/08/2023 21:00:00,02/08/2023 22:00:00,7.69,5,665.34,0,3845,1.1,215
GM,02/08/2023 21:00:00,02/08/2023 22:00:00,2.6900000000000004,2.6900000000000004,665.34,-2.0175000000000005,1616.6765500000001,1.4197222222222223,478.2222222222223
GB,02/08/2023 22:00:00,02/08/2023 23:00:00,7.66,5,663.56,0,3830,1.1,215
GM,02/08/2023 22:00:00,02/08/2023 23:00:00,2.66,2.66,663.56,-1.9950000000000003,1602.1978,1.403888888888889,472.8888888888889
GB,02/08/2023 23:00:00,02/09/2023 00:00:00,7.54,5,636.77,0,3770,1.1,215
GM,02/08/2023 23:00:00,02/09/2023 00:00:00,2.54,2.54,636.77,-1.9050000000000002,1580.9531499999998,1.3405555555555555,451.5555555555556
GB,02/09/2023 00:00:00,02/09/2023 01:00:00,7.58,5,615.31,0,3790,1.1,215
GM,02/09/2023 00:00:00,02/09/2023 01:00:00,2.58,2.58,615.31,-1.935,1647.37515,1.3616666666666666,458.6666666666667
GB,02/09/2023 01:00:00,02/09/2023 02:00:00,7.68,5,588.89,0,3840,1.1,215
EK,02/09/2023 01:00:00,02/09/2023 02:00:00,2.6799999999999997,2.6799999999999997,588.89,2.6799999999999997,1712.2251999999999,0,0
GB,02/09/2023 02:00:00,02/09/2023 03:00:00,7.71,5,577.88,0,3855,1.1,215
EK,02/09/2023 02:00:00,02/09/2023 03:00:00,2.71,2.71,577.88,2.71,1701.5548,0,0
GB,02/09/2023 03:00:00,02/09/2023 04:00:00,7.7,5,577.66,0,3850,1.1,215
EK,02/09/2023 03:00:00,02/09/2023 04:00:00,2.7,2.7,577.66,2.7,1694.682,0,0
GB,02/09/2023 04:00:00,02/09/2023 05:00:00,8.16,5,583.16,0,4080,1.1,215
EK,02/09/2023 04:00:00,02/09/2023 05:00:00,3.16,3.16,583.16,3.16,2000.7856,0,0
GB,02/09/2023 05:00:00,02/09/2023 06:00:00,8.45,5,617.99,0,4225,1.1,215
GM,02/09/2023 05:00:00,02/09/2023 06:00:00,3.4499999999999993,3.4499999999999993,617.99,-2.5874999999999995,2195.9508749999995,1.8208333333333329,613.3333333333333
GB,02/09/2023 06:00:00,02/09/2023 07:00:00,8.51,5,629.23,0,4255,1.1,215
GM,02/09/2023 06:00:00,02/09/2023 07:00:00,3.51,3.51,629.23,-2.6325,2204.552025,1.8524999999999996,623.9999999999999
GB,02/09/2023 07:00:00,02/09/2023 08:00:00,7.79,5,689.06,0,3895,1.1,215
GM,02/09/2023 07:00:00,02/09/2023 08:00:00,2.79,2.79,689.06,-2.0925000000000002,1627.14195,1.4725,496
GB,02/09/2023 08:00:00,02/09/2023 09:00:00,7.64,5,769.66,0,3820,1.1,215
GM,02/09/2023 08:00:00,02/09/2023 09:00:00,2.6399999999999997,2.6399999999999997,769.66,-1.98,1380.0731999999998,1.393333333333333,469.3333333333333
GM,02/09/2023 09:00:00,02/09/2023 10:00:00,7.71,3.6,802.85,-2.7,3838.519875,1.9,640
GB,02/09/2023 09:00:00,02/09/2023 10:00:00,4.109999999999999,4.109999999999999,802.85,0,2054.9999999999995,0.9041999999999999,176.72999999999996
GB,02/09/2023 10:00:00,02/09/2023 11:00:00,7.64,5,781.42,0,3820,1.1,215
GM,02/09/2023 10:00:00,02/09/2023 11:00:00,2.6399999999999997,2.6399999999999997,781.42,-1.98,1356.7883999999997,1.393333333333333,469.3333333333333
GB,02/09/2023 11:00:00,02/09/2023 12:00:00,6.99,5,716.9,0,3495,1.1,215
GM,02/09/2023 11:00:00,02/09/2023 12:00:00,1.9900000000000002,1.9900000000000002,716.9,-1.4925000000000002,1119.0267500000002,1.0502777777777779,353.7777777777778
GB,02/09/2023 12:00:00,02/09/2023 13:00:00,6.39,5,692.56,0,3195,1.1,215
GM,02/09/2023 12:00:00,02/09/2023 13:00:00,1.3899999999999997,1.3899999999999997,692.56,-1.0424999999999998,807.0061999999997,0.7336111111111109,247.11111111111106
GB,02/09/2023 13:00:00,02/09/2023 14:00:00,6.22,5,678.35,0,3110,1.1,215
GM,02/09/2023 13:00:00,02/09/2023 14:00:00,1.2199999999999998,1.2199999999999998,678.35,-0.9149999999999998,721.3097499999999,0.6438888888888887,216.88888888888883
GB,02/09/2023 14:00:00,02/09/2023 15:00:00,6.28,5,647.02,0,3140,1.1,215
GM,02/09/2023 14:00:00,02/09/2023 15:00:00,1.2800000000000002,1.2800000000000002,647.02,-0.9600000000000003,786.8608,0.6755555555555557,227.5555555555556
GB,02/09/2023 15:00:00,02/09/2023 16:00:00,6.78,5,645.53,0,3390,1.1,215
GM,02/09/2023 15:00:00,02/09/2023 16:00:00,1.7800000000000002,1.7800000000000002,645.53,-1.3350000000000002,1096.21745,0.9394444444444445,316.4444444444445
GB,02/09/2023 16:00:00,02/09/2023 17:00:00,7.01,5,650.07,0,3505,1.1,215
GM,02/09/2023 16:00:00,02/09/2023 17:00:00,2.01,2.01,650.07,-1.5074999999999998,1231.0194749999996,1.060833333333333,357.33333333333326
GB,02/09/2023 17:00:00,02/09/2023 18:00:00,7.18,5,647.16,0,3590,1.1,215
GM,02/09/2023 17:00:00,02/09/2023 18:00:00,2.1799999999999997,2.1799999999999997,647.16,-1.635,1339.8933999999995,1.1505555555555553,387.55555555555554
GB,02/09/2023 18:00:00,02/09/2023 19:00:00,6.65,5,649.7,0,3325,1.1,215
GM,02/09/2023 18:00:00,02/09/2023 19:00:00,1.6500000000000004,1.6500000000000004,649.7,-1.2375000000000003,1010.9962500000001,0.8708333333333335,293.33333333333337
GB,02/09/2023 19:00:00,02/09/2023 20:00:00,6.72,5,638.53,0,3360,1.1,215
GM,02/09/2023 19:00:00,02/09/2023 20:00:00,1.7199999999999998,1.7199999999999998,638.53,-1.2899999999999998,1068.2963,0.9077777777777776,305.7777777777777
GB,02/09/2023 20:00:00,02/09/2023 21:00:00,6.86,5,625.29,0,3430,1.1,215
GM,02/09/2023 20:00:00,02/09/2023 21:00:00,1.8600000000000003,1.8600000000000003,625.29,-1.3950000000000002,1173.7204500000003,0.9816666666666667,330.6666666666667
GB,02/09/2023 21:00:00,02/09/2023 22:00:00,6.83,5,621.34,0,3415,1.1,215
GM,02/09/2023 21:00:00,02/09/2023 22:00:00,1.83,1.8299999999999998,621.34,-1.3725,1160.21085,0.9658333333333332,325.3333333333333
EK,02/09/2023 21:00:00,02/09/2023 22:00:00,2.220446049250313E-16,2.220446049250313E-16,621.34,2.220446049250313E-16,1.4906742507037053E-13,0,0
GB,02/09/2023 22:00:00,02/09/2023 23:00:00,6.86,5,624.62,0,3430,1.1,215
GM,02/09/2023 22:00:00,02/09/2023 23:00:00,1.8600000000000003,1.8600000000000003,624.62,-1.3950000000000002,1174.6551000000004,0.9816666666666667,330.6666666666667
GB,02/09/2023 23:00:00,02/10/2023 00:00:00,6.78,5,620.15,0,3390,1.1,215
GM,02/09/2023 23:00:00,02/10/2023 00:00:00,1.7800000000000002,1.7800000000000002,620.15,-1.3350000000000002,1130.09975,0.9394444444444445,316.4444444444445
GB,02/10/2023 00:00:00,02/10/2023 01:00:00,6.8,5,580.99,0,3400,1.1,215
EK,02/10/2023 00:00:00,02/10/2023 01:00:00,1.7999999999999998,1.7999999999999998,580.99,1.7999999999999998,1135.782,0,0
GB,02/10/2023 01:00:00,02/10/2023 02:00:00,6.8,5,592.3,0,3400,1.1,215
EK,02/10/2023 01:00:00,02/10/2023 02:00:00,1.7999999999999998,1.7999999999999998,592.3,1.7999999999999998,1156.1399999999999,0,0
GB,02/10/2023 02:00:00,02/10/2023 03:00:00,6.82,5,622.22,0,3410,1.1,215
GM,02/10/2023 02:00:00,02/10/2023 03:00:00,1.8200000000000003,1.8200000000000003,622.22,-1.3650000000000004,1152.6697,0.9605555555555557,323.5555555555556
GB,02/10/2023 03:00:00,02/10/2023 04:00:00,6.95,5,634.79,0,3475,1.1,215
GM,02/10/2023 03:00:00,02/10/2023 04:00:00,1.9500000000000002,1.9500000000000004,634.79,-1.4625000000000004,1216.6196249999998,1.0291666666666668,346.66666666666674
GB,02/10/2023 04:00:00,02/10/2023 05:00:00,7.73,5,659.87,0,3865,1.1,215
GM,02/10/2023 04:00:00,02/10/2023 05:00:00,2.7300000000000004,2.7300000000000004,659.87,-2.0475000000000003,1651.9161750000003,1.4408333333333334,485.33333333333337
GB,02/10/2023 05:00:00,02/10/2023 06:00:00,7.9,5,706.76,0,3950,1.1,215
GM,02/10/2023 05:00:00,02/10/2023 06:00:00,2.9000000000000004,2.9000000000000004,706.76,-2.1750000000000003,1652.7970000000003,1.5305555555555554,515.5555555555555
GB,02/10/2023 06:00:00,02/10/2023 07:00:00,8.11,5,795.76,0,4054.9999999999995,1.1,215
GM,02/10/2023 06:00:00,02/10/2023 07:00:00,3.1099999999999994,3.1099999999999994,795.76,-2.3324999999999996,1564.8898,1.6413888888888886,552.8888888888888
GM,02/10/2023 07:00:00,02/10/2023 08:00:00,7.62,3.6,1235.88,-2.7,1318.9457999999986,1.9,640
GB,02/10/2023 07:00:00,02/10/2023 08:00:00,4.02,4.02,1235.88,0,2009.9999999999998,0.8844,172.85999999999999
GM,02/10/2023 08:00:00,02/10/2023 09:00:00,7.64,3.6,1310.52,-2.7,894.7204000000002,1.9,640
GB,02/10/2023 08:00:00,02/10/2023 09:00:00,4.039999999999999,4.039999999999999,1310.52,0,2019.9999999999995,0.8887999999999999,173.71999999999997
GM,02/10/2023 09:00:00,02/10/2023 10:00:00,7.44,3.6,1072.23,-2.7,2200.9565999999986,1.9,640
GB,02/10/2023 09:00:00,02/10/2023 10:00:00,3.8400000000000003,3.84,1072.23,0,1920.0000000000002,0.8448000000000001,165.12
OB,02/10/2023 09:00:00,02/10/2023 10:00:00,4.440892098500626E-16,4.440892098500626E-16,1072.23,0,3.1086244689504383E-13,1.3322676295501878E-16,2.942091015256665E-14
GM,02/10/2023 10:00:00,02/10/2023 11:00:00,7.26,3.6,847.86,-2.7,3369.4022999999997,1.9,640
GB,02/10/2023 10:00:00,02/10/2023 11:00:00,3.6599999999999997,3.66,847.86,0,1829.9999999999998,0.8052,157.38
GB,02/10/2023 11:00:00,02/10/2023 12:00:00,7.03,5,740.32,0,3515,1.1,215
GM,02/10/2023 11:00:00,02/10/2023 12:00:00,2.0300000000000002,2.0300000000000002,740.32,-1.5225000000000004,1105.8628,1.071388888888889,360.88888888888897
GB,02/10/2023 12:00:00,02/10/2023 13:00:00,6.77,5,706.46,0,3385,1.1,215
GM,02/10/2023 12:00:00,02/10/2023 13:00:00,1.7699999999999996,1.7699999999999996,706.46,-1.3274999999999997,1009.1743499999997,0.9341666666666664,314.6666666666666
GB,02/10/2023 13:00:00,02/10/2023 14:00:00,6.72,5,671.18,0,3360,1.1,215
GM,02/10/2023 13:00:00,02/10/2023 14:00:00,1.7199999999999998,1.7199999999999998,671.18,-1.2899999999999998,1026.1778,0.9077777777777776,305.7777777777777
GB,02/10/2023 14:00:00,02/10/2023 15:00:00,6.9,5,615.67,0,3450,1.1,215
GM,02/10/2023 14:00:00,02/10/2023 15:00:00,1.9000000000000004,1.9000000000000006,615.67,-1.4250000000000005,1212.6702500000001,1.002777777777778,337.7777777777778
GB,02/10/2023 15:00:00,02/10/2023 16:00:00,7.34,5,608.6,0,3670,1.1,215
GM,02/10/2023 15:00:00,02/10/2023 16:00:00,2.34,2.34,608.6,-1.755,1505.907,1.2349999999999999,415.99999999999994
GB,02/10/2023 16:00:00,02/10/2023 17:00:00,7.48,5,597.21,0,3740,1.1,215
EK,02/10/2023 16:00:00,02/10/2023 17:00:00,2.4800000000000004,2.4800000000000004,597.21,2.4800000000000004,1605.0808000000004,0,0
GB,02/10/2023 17:00:00,02/10/2023 18:00:00,7.45,5,603.39,0,3725,1.1,215
GM,02/10/2023 17:00:00,02/10/2023 18:00:00,2.45,2.45,603.39,-1.8375000000000001,1586.270875,1.2930555555555556,435.55555555555554
GB,02/10/2023 18:00:00,02/10/2023 19:00:00,6.92,5,593.12,0,3460,1.1,215
EK,02/10/2023 18:00:00,02/10/2023 19:00:00,1.92,1.92,593.12,1.92,1234.7903999999999,0,0
GB,02/10/2023 19:00:00,02/10/2023 20:00:00,6.82,5,578.01,0,3410,1.1,215
EK,02/10/2023 19:00:00,02/10/2023 20:00:00,1.8200000000000003,1.8200000000000003,578.01,1.8200000000000003,1142.9782000000002,0,0
GB,02/10/2023 20:00:00,02/10/2023 21:00:00,6.78,5,544.08,0,3390,1.1,215
EK,02/10/2023 20:00:00,02/10/2023 21:00:00,1.7800000000000002,1.7800000000000002,544.08,1.7800000000000002,1057.4624000000003,0,0
GB,02/10/2023 21:00:00,02/10/2023 22:00:00,6.68,5,527.93,0,3340,1.1,215
EK,02/10/2023 21:00:00,02/10/2023 22:00:00,1.6799999999999997,1.6799999999999997,527.93,1.6799999999999997,970.9223999999998,0,0
GB,02/10/2023 22:00:00,02/10/2023 23:00:00,6.56,5,499.2,0,3280,1.1,215
EK,02/10/2023 22:00:00,02/10/2023 23:00:00,1.5599999999999996,1.5599999999999996,499.2,1.5599999999999996,856.7519999999998,0,0
EK,02/10/2023 23:00:00,02/11/2023 00:00:00,6.46,6.46,334.89,6.46,2486.3894,0,0
GB,02/11/2023 00:00:00,02/11/2023 01:00:00,6.35,5,557.82,0,3175,1.1,215
EK,02/11/2023 00:00:00,02/11/2023 01:00:00,1.3499999999999996,1.3499999999999996,557.82,1.3499999999999996,820.5569999999999,0,0
GB,02/11/2023 01:00:00,02/11/2023 02:00:00,6.31,5,577.84,0,3155,1.1,215
EK,02/11/2023 01:00:00,02/11/2023 02:00:00,1.3099999999999996,1.3099999999999996,577.84,1.3099999999999996,822.4703999999998,0,0
GB,02/11/2023 02:00:00,02/11/2023 03:00:00,6.37,5,576.8,0,3185,1.1,215
EK,02/11/2023 02:00:00,02/11/2023 03:00:00,1.37,1.37,576.8,1.37,858.716,0,0
GB,02/11/2023 03:00:00,02/11/2023 04:00:00,6.43,5,573.45,0,3215,1.1,215
EK,02/11/2023 03:00:00,02/11/2023 04:00:00,1.4299999999999997,1.4299999999999997,573.45,1.4299999999999997,891.5334999999999,0,0
GB,02/11/2023 04:00:00,02/11/2023 05:00:00,7.04,5,576.58,0,3520,1.1,215
EK,02/11/2023 04:00:00,02/11/2023 05:00:00,2.04,2.04,576.58,2.04,1278.2232000000001,0,0
GB,02/11/2023 05:00:00,02/11/2023 06:00:00,6.96,5,566.53,0,3480,1.1,215
EK,02/11/2023 05:00:00,02/11/2023 06:00:00,1.96,1.96,566.53,1.96,1208.3988,0,0
GB,02/11/2023 06:00:00,02/11/2023 07:00:00,6.96,5,580.97,0,3480,1.1,215
EK,02/11/2023 06:00:00,02/11/2023 07:00:00,1.96,1.96,580.97,1.96,1236.7012,0,0
GB,02/11/2023 07:00:00,02/11/2023 08:00:00,6.61,5,587.59,0,3305,1.1,215
EK,02/11/2023 07:00:00,02/11/2023 08:00:00,1.6100000000000003,1.6100000000000003,587.59,1.6100000000000003,1026.5199000000002,0,0
GB,02/11/2023 08:00:00,02/11/2023 09:00:00,6.82,5,595.41,0,3410,1.1,215
EK,02/11/2023 08:00:00,02/11/2023 09:00:00,1.8200000000000003,1.8200000000000003,595.41,1.8200000000000003,1174.6462000000001,0,0
GB,02/11/2023 09:00:00,02/11/2023 10:00:00,6.89,5,607.17,0,3445,1.1,215
GM,02/11/2023 09:00:00,02/11/2023 10:00:00,1.8899999999999997,1.8899999999999997,607.17,-1.4174999999999998,1218.3365249999997,0.9974999999999998,335.99999999999994
GB,02/11/2023 10:00:00,02/11/2023 11:00:00,6.69,5,612.83,0,3345,1.1,215
GM,02/11/2023 10:00:00,02/11/2023 11:00:00,1.6900000000000004,1.6900000000000004,612.83,-1.2675000000000003,1082.237975,0.8919444444444447,300.4444444444445
GB,02/11/2023 11:00:00,02/11/2023 12:00:00,6.62,5,607.17,0,3310,1.1,215
GM,02/11/2023 11:00:00,02/11/2023 12:00:00,1.62,1.62,607.17,-1.215,1044.2884500000002,0.855,288
GB,02/11/2023 12:00:00,02/11/2023 13:00:00,6.5,5,600.03,0,3250,1.1,215
GM,02/11/2023 12:00:00,02/11/2023 13:00:00,1.5,1.5,600.03,-1.125,974.9662500000001,0.7916666666666665,266.66666666666663
GB,02/11/2023 13:00:00,02/11/2023 14:00:00,6.4,5,603.9,0,3200,1.1,215
GM,02/11/2023 13:00:00,02/11/2023 14:00:00,1.4000000000000004,1.4000000000000004,603.9,-1.0500000000000003,905.9050000000003,0.7388888888888889,248.8888888888889
GB,02/11/2023 14:00:00,02/11/2023 15:00:00,6.58,5,609.7,0,3290,1.1,215
GM,02/11/2023 14:00:00,02/11/2023 15:00:00,1.58,1.58,609.7,-1.185,1015.5054999999999,0.8338888888888888,280.8888888888889
GB,02/11/2023 15:00:00,02/11/2023 16:00:00,6.2,5,599.21,0,3100,1.1,215
EK,02/11/2023 15:00:00,02/11/2023 16:00:00,1.2000000000000002,1.2000000000000002,599.21,1.2000000000000002,779.0520000000001,0,0
GB,02/11/2023 16:00:00,02/11/2023 17:00:00,6.29,5,660.25,0,3145,1.1,215
GM,02/11/2023 16:00:00,02/11/2023 17:00:00,1.29,1.29,660.25,-0.9675,780.2081249999999,0.6808333333333333,229.33333333333334
GB,02/11/2023 17:00:00,02/11/2023 18:00:00,6.07,5,744.23,0,3035,1.1,215
GM,02/11/2023 17:00:00,02/11/2023 18:00:00,1.0700000000000003,1.0700000000000003,744.23,-0.8025000000000002,579.7554250000001,0.5647222222222223,190.22222222222226
GM,02/11/2023 18:00:00,02/11/2023 19:00:00,6.27,3.6,832.82,-2.7,2980.6639499999987,1.9,640
GB,02/11/2023 18:00:00,02/11/2023 19:00:00,2.6699999999999995,2.6699999999999995,832.82,0,1334.9999999999998,0.5873999999999999,114.80999999999999
GM,02/11/2023 19:00:00,02/11/2023 20:00:00,6.3,3.6,809.51,-2.7,3105.0652499999997,1.9,640
GB,02/11/2023 19:00:00,02/11/2023 20:00:00,2.6999999999999997,2.6999999999999997,809.51,0,1349.9999999999998,0.594,116.09999999999998
GB,02/11/2023 20:00:00,02/11/2023 21:00:00,6.25,5,743.26,0,3125,1.1,215
GM,02/11/2023 20:00:00,02/11/2023 21:00:00,1.25,1.25,743.26,-0.9375,678.19375,0.6597222222222222,222.22222222222223
GB,02/11/2023 21:00:00,02/11/2023 22:00:00,6.16,5,731.05,0,3080,1.1,215
GM,02/11/2023 21:00:00,02/11/2023 22:00:00,1.1600000000000001,1.1600000000000001,731.05,-0.8700000000000001,639.9865000000002,0.6122222222222222,206.22222222222223
GB,02/11/2023 22:00:00,02/11/2023 23:00:00,6.23,5,703.51,0,3115,1.1,215
GM,02/11/2023 22:00:00,02/11/2023 23:00:00,1.2300000000000004,1.2300000000000004,703.51,-0.9225000000000004,704.0120250000002,0.6491666666666669,218.66666666666674
GB,02/11/2023 23:00:00,02/12/2023 00:00:00,6.09,5,706.04,0,3045,1.1,215
GM,02/11/2023 23:00:00,02/12/2023 00:00:00,1.0899999999999999,1.0899999999999999,706.04,-0.8175,621.8122999999998,0.5752777777777777,193.77777777777777
GM,02/12/2023 00:00:00,02/12/2023 01:00:00,6.05,3.6,965.7,-2.7,2273.1362499999996,1.9,640
GB,02/12/2023 00:00:00,02/12/2023 01:00:00,2.4499999999999997,2.4499999999999997,965.7,0,1224.9999999999998,0.5389999999999999,105.34999999999998
GM,02/12/2023 01:00:00,02/12/2023 02:00:00,6.05,3.6,934.21,-2.7,2416.0221250000004,1.9,640
GB,02/12/2023 01:00:00,02/12/2023 02:00:00,2.4499999999999997,2.4499999999999997,934.21,0,1224.9999999999998,0.5389999999999999,105.34999999999998
GM,02/12/2023 02:00:00,02/12/2023 03:00:00,6.06,3.6,981.11,-2.7,2206.85505,1.9,640
GB,02/12/2023 02:00:00,02/12/2023 03:00:00,2.4599999999999995,2.4599999999999995,981.11,0,1229.9999999999998,0.5411999999999999,105.77999999999997
GM,02/12/2023 03:00:00,02/12/2023 04:00:00,6.24,3.6,949.69,-2.7,2419.4507999999987,1.9,640
GB,02/12/2023 03:00:00,02/12/2023 04:00:00,2.64,2.64,949.69,0,1320,0.5808000000000001,113.52000000000001
GM,02/12/2023 04:00:00,02/12/2023 05:00:00,6.75,3.6,881.88,-2.7,2960.4825,1.9,640
GB,02/12/2023 04:00:00,02/12/2023 05:00:00,3.15,3.15,881.88,0,1575,0.6930000000000001,135.45
GM,02/12/2023 05:00:00,02/12/2023 06:00:00,6.74,3.6,885.08,-2.7,2939.9205999999995,1.9,640
GB,02/12/2023 05:00:00,02/12/2023 06:00:00,3.14,3.14,885.08,0,1570,0.6908000000000001,135.02
GM,02/12/2023 06:00:00,02/12/2023 07:00:00,6.72,3.6,804.15,-2.7,3339.0840000000007,1.9,640
GB,02/12/2023 06:00:00,02/12/2023 07:00:00,3.1199999999999997,3.119999999999999,804.15,0,1559.9999999999998,0.6863999999999999,134.15999999999997
OB,02/12/2023 06:00:00,02/12/2023 07:00:00,4.440892098500626E-16,4.440892098500626E-16,804.15,0,3.1086244689504383E-13,1.3322676295501878E-16,2.942091015256665E-14
GM,02/12/2023 07:00:00,02/12/2023 08:00:00,6.27,3.6,864.83,-2.7,2830.1369249999993,1.9,640
GB,02/12/2023 07:00:00,02/12/2023 08:00:00,2.6699999999999995,2.6699999999999995,864.83,0,1334.9999999999998,0.5873999999999999,114.80999999999999
GM,02/12/2023 08:00:00,02/12/2023 09:00:00,6.51,3.6,1056.9,-2.7,2000.6857499999996,1.9,640
GB,02/12/2023 08:00:00,02/12/2023 09:00:00,2.9099999999999997,2.9099999999999997,1056.9,0,1454.9999999999998,0.6402,125.13
GM,02/12/2023 09:00:00,02/12/2023 10:00:00,6.71,3.6,1004.78,-2.7,2324.4446500000004,1.9,640
GB,02/12/2023 09:00:00,02/12/2023 10:00:00,3.11,3.11,1004.78,0,1555,0.6842,133.73
GM,02/12/2023 10:00:00,02/12/2023 11:00:00,6.59,3.6,1002.18,-2.7,2295.7253500000006,1.9,640
GB,02/12/2023 10:00:00,02/12/2023 11:00:00,2.9899999999999998,2.9899999999999998,1002.18,0,1494.9999999999998,0.6578,128.57
GM,02/12/2023 11:00:00,02/12/2023 12:00:00,6.41,3.6,900.34,-2.7,2722.6154500000002,1.9,640
GB,02/12/2023 11:00:00,02/12/2023 12:00:00,2.81,2.8100000000000005,900.34,0,1405,0.6182000000000001,120.83000000000001
GB,02/12/2023 12:00:00,02/12/2023 13:00:00,6.28,5,790.61,0,3140,1.1,215
GM,02/12/2023 12:00:00,02/12/2023 13:00:00,1.2800000000000002,1.2800000000000002,790.61,-0.9600000000000003,649.0143999999999,0.6755555555555557,227.5555555555556
GB,02/12/2023 13:00:00,02/12/2023 14:00:00,6.26,5,756.88,0,3130,1.1,215
GM,02/12/2023 13:00:00,02/12/2023 14:00:00,1.2599999999999998,1.2599999999999998,756.88,-0.9449999999999998,670.7484,0.6649999999999998,223.99999999999994
GB,02/12/2023 14:00:00,02/12/2023 15:00:00,6.53,5,740.73,0,3265,1.1,215
GM,02/12/2023 14:00:00,02/12/2023 15:00:00,1.5300000000000002,1.5300000000000002,740.73,-1.1475000000000002,833.012325,0.8075,272
GB,02/12/2023 15:00:00,02/12/2023 16:00:00,6.48,5,733.8,0,3240,1.1,215
GM,02/12/2023 15:00:00,02/12/2023 16:00:00,1.4800000000000004,1.4800000000000004,733.8,-1.1100000000000003,813.4820000000003,0.7811111111111112,263.1111111111112
GM,02/12/2023 16:00:00,02/12/2023 17:00:00,6.45,3.6,877.86,-2.7,2848.352249999999,1.9,640
GB,02/12/2023 16:00:00,02/12/2023 17:00:00,2.85,2.8500000000000005,877.86,0,1425,0.6270000000000001,122.55000000000001
GM,02/12/2023 17:00:00,02/12/2023 18:00:00,6.14,3.6,1123.45,-2.7,1580.512749999999,1.9,640
GB,02/12/2023 17:00:00,02/12/2023 18:00:00,2.5399999999999996,2.5399999999999996,1123.45,0,1269.9999999999998,0.5588,109.21999999999998
GM,02/12/2023 18:00:00,02/12/2023 19:00:00,6.3,3.6,1247.03,-2.7,1037.7832499999995,1.9,640
GB,02/12/2023 18:00:00,02/12/2023 19:00:00,2.6999999999999997,2.6999999999999997,1247.03,0,1349.9999999999998,0.594,116.09999999999998
GM,02/12/2023 19:00:00,02/12/2023 20:00:00,6.17,3.6,1002.63,-2.7,2147.329675,1.9,640
GB,02/12/2023 19:00:00,02/12/2023 20:00:00,2.57,2.5700000000000003,1002.63,0,1285,0.5654,110.51
GM,02/12/2023 20:00:00,02/12/2023 21:00:00,6.1,3.6,1002.33,-2.7,2124.34025,1.9,640
GB,02/12/2023 20:00:00,02/12/2023 21:00:00,2.4999999999999996,2.4999999999999996,1002.33,0,1249.9999999999998,0.5499999999999999,107.49999999999997
GB,02/12/2023 21:00:00,02/12/2023 22:00:00,6.09,5,797.16,0,3045,1.1,215
GM,02/12/2023 21:00:00,02/12/2023 22:00:00,1.0899999999999999,1.0899999999999999,797.16,-0.8175,547.3216999999999,0.5752777777777777,193.77777777777777
GB,02/12/2023 22:00:00,02/12/2023 23:00:00,6.09,5,767.38,0,3045,1.1,215
GM,02/12/2023 22:00:00,02/12/2023 23:00:00,1.0899999999999999,1.0899999999999999,767.38,-0.8175,571.6668499999998,0.5752777777777777,193.77777777777777
GB,02/12/2023 23:00:00,02/13/2023 00:00:00,6.03,5,734.85,0,3015,1.1,215
GM,02/12/2023 23:00:00,02/13/2023 00:00:00,1.0300000000000002,1.0300000000000002,734.85,-0.7725000000000002,565.328375,0.5436111111111112,183.11111111111114
GB,02/13/2023 00:00:00,02/13/2023 01:00:00,6.08,5,773.11,0,3040,1.1,215
GM,02/13/2023 00:00:00,02/13/2023 01:00:00,1.08,1.08,773.11,-0.81,561.7808999999999,0.57,192
GB,02/13/2023 01:00:00,02/13/2023 02:00:00,6.18,5,753.01,0,3090,1.1,215
GM,02/13/2023 01:00:00,02/13/2023 02:00:00,1.1799999999999997,1.1799999999999997,753.01,-0.8849999999999998,631.58615,0.6227777777777775,209.77777777777771
GB,02/13/2023 02:00:00,02/13/2023 03:00:00,6.26,5,751.67,0,3130,1.1,215
GM,02/13/2023 02:00:00,02/13/2023 03:00:00,1.2599999999999998,1.2599999999999998,751.67,-0.9449999999999998,675.67185,0.6649999999999998,223.99999999999994
GB,02/13/2023 03:00:00,02/13/2023 04:00:00,6.39,5,766.93,0,3195,1.1,215
GM,02/13/2023 03:00:00,02/13/2023 04:00:00,1.3899999999999997,1.3899999999999997,766.93,-1.0424999999999998,729.4754749999998,0.7336111111111109,247.11111111111106
GB,02/13/2023 04:00:00,02/13/2023 05:00:00,6.96,5,773.33,0,3480,1.1,215
GM,02/13/2023 04:00:00,02/13/2023 05:00:00,1.96,1.96,773.33,-1.47,1019.2049,1.0344444444444443,348.4444444444444
GM,02/13/2023 05:00:00,02/13/2023 06:00:00,7.09,3.6,818.15,-2.7,3448.4873749999997,1.9,640
GB,02/13/2023 05:00:00,02/13/2023 06:00:00,3.4899999999999998,3.4899999999999998,818.15,0,1744.9999999999998,0.7678,150.07
GM,02/13/2023 06:00:00,02/13/2023 07:00:00,7.34,3.6,1170.72,-2.7,1629.1863999999996,1.9,640
GB,02/13/2023 06:00:00,02/13/2023 07:00:00,3.7399999999999998,3.74,1170.72,0,1869.9999999999998,0.8228000000000001,160.82
GM,02/13/2023 07:00:00,02/13/2023 08:00:00,6.84,3.6,1459.72,-2.7,35.63640000000032,1.9,640
GB,02/13/2023 07:00:00,02/13/2023 08:00:00,3.2399999999999998,3.2399999999999993,1459.72,0,1619.9999999999998,0.7128,139.32
OB,02/13/2023 07:00:00,02/13/2023 08:00:00,4.440892098500626E-16,4.440892098500626E-16,1459.72,0,3.1086244689504383E-13,1.3322676295501878E-16,2.942091015256665E-14
GM,02/13/2023 08:00:00,02/13/2023 09:00:00,6.94,3.6,1505.28,-2.7,-200.98240000000078,1.9,640
GB,02/13/2023 08:00:00,02/13/2023 09:00:00,3.3400000000000003,3.3400000000000003,1505.28,0,1670.0000000000002,0.7348000000000001,143.62
GM,02/13/2023 09:00:00,02/13/2023 10:00:00,6.86,3.6,1460.61,-2.7,31.161549999999806,1.9,640
GB,02/13/2023 09:00:00,02/13/2023 10:00:00,3.2600000000000002,3.2600000000000002,1460.61,0,1630.0000000000002,0.7172000000000001,140.18
GM,02/13/2023 10:00:00,02/13/2023 11:00:00,6.73,3.6,1290.5,-2.7,889.2012500000001,1.9,640
GB,02/13/2023 10:00:00,02/13/2023 11:00:00,3.1300000000000003,3.130000000000001,1290.5,0,1565.0000000000002,0.6886000000000002,134.59000000000003
GM,02/13/2023 11:00:00,02/13/2023 12:00:00,6.46,3.6,1049.67,-2.7,2020.3488499999994,1.9,640
GB,02/13/2023 11:00:00,02/13/2023 12:00:00,2.86,2.86,1049.67,0,1430,0.6292,122.97999999999999
GM,02/13/2023 12:00:00,02/13/2023 13:00:00,6.21,3.6,916.42,-2.7,2562.7738500000005,1.9,640
GB,02/13/2023 12:00:00,02/13/2023 13:00:00,2.61,2.6100000000000003,916.42,0,1305,0.5742,112.23
GM,02/13/2023 13:00:00,02/13/2023 14:00:00,6.26,3.6,893.34,-2.7,2691.7687000000005,1.9,640
GB,02/13/2023 13:00:00,02/13/2023 14:00:00,2.6599999999999997,2.6599999999999997,893.34,0,1329.9999999999998,0.5851999999999999,114.37999999999998
GM,02/13/2023 14:00:00,02/13/2023 15:00:00,6.34,3.6,893.34,-2.7,2726.1683000000003,1.9,640
GB,02/13/2023 14:00:00,02/13/2023 15:00:00,2.7399999999999998,2.7399999999999998,893.34,0,1369.9999999999998,0.6028,117.81999999999998
GM,02/13/2023 15:00:00,02/13/2023 16:00:00,6.66,3.6,900.78,-2.7,2826.603899999999,1.9,640
GB,02/13/2023 15:00:00,02/13/2023 16:00:00,3.06,3.06,900.78,0,1530,0.6732,131.57999999999998
GM,02/13/2023 16:00:00,02/13/2023 17:00:00,6.71,3.6,1118.39,-2.7,1752.7023249999993,1.9,640
GB,02/13/2023 16:00:00,02/13/2023 17:00:00,3.11,3.11,1118.39,0,1555,0.6842,133.73
GM,02/13/2023 17:00:00,02/13/2023 18:00:00,6.81,3.6,1400.01,-2.7,340.4489249999997,1.9,640
GB,02/13/2023 17:00:00,02/13/2023 18:00:00,3.2099999999999995,3.2099999999999995,1400.01,0,1604.9999999999998,0.7061999999999999,138.02999999999997
GM,02/13/2023 18:00:00,02/13/2023 19:00:00,6.47,3.6,1651.19,-2.7,-895.3994750000002,1.9,640
GB,02/13/2023 18:00:00,02/13/2023 19:00:00,2.8699999999999997,2.8699999999999997,1651.19,0,1434.9999999999998,0.6314,123.41
GM,02/13/2023 19:00:00,02/13/2023 20:00:00,6.26,3.6,1538.03,-2.7,-335.05085000000054,1.9,640
GB,02/13/2023 19:00:00,02/13/2023 20:00:00,2.6599999999999997,2.6599999999999997,1538.03,0,1329.9999999999998,0.5851999999999999,114.37999999999998
GM,02/13/2023 20:00:00,02/13/2023 21:00:00,6.2,3.6,1398.52,-2.7,316.8819999999987,1.9,640
GB,02/13/2023 20:00:00,02/13/2023 21:00:00,2.6,2.6,1398.52,0,1300,0.5720000000000001,111.8
GM,02/13/2023 21:00:00,02/13/2023 22:00:00,6.22,3.6,1257.52,-2.7,975.6692000000003,1.9,640
GB,02/13/2023 21:00:00,02/13/2023 22:00:00,2.6199999999999997,2.6199999999999997,1257.52,0,1309.9999999999998,0.5763999999999999,112.65999999999998
GM,02/13/2023 22:00:00,02/13/2023 23:00:00,6.15,3.6,1198.34,-2.7,1237.6567499999992,1.9,640
GB,02/13/2023 22:00:00,02/13/2023 23:00:00,2.5500000000000003,2.55,1198.34,0,1275.0000000000002,0.561,109.65
OB,02/13/2023 22:00:00,02/13/2023 23:00:00,4.440892098500626E-16,4.440892098500626E-16,1198.34,0,3.1086244689504383E-13,1.3322676295501878E-16,2.942091015256665E-14
GM,02/13/2023 23:00:00,02/14/2023 00:00:00,6.19,3.6,1117.57,-2.7,1620.681275,1.9,640
GB,02/13/2023 23:00:00,02/14/2023 00:00:00,2.5900000000000003,2.59,1117.57,0,1295.0000000000002,0.5698000000000001,111.37
OB,02/13/2023 23:00:00,02/14/2023 00:00:00,4.440892098500626E-16,4.440892098500626E-16,1117.57,0,3.1086244689504383E-13,1.3322676295501878E-16,2.942091015256665E-14
GM,02/14/2023 00:00:00,02/14/2023 01:00:00,6.15,3.6,1010.17,-2.7,2105.590874999999,1.9,640
GB,02/14/2023 00:00:00,02/14/2023 01:00:00,2.5500000000000003,2.55,1010.17,0,1275.0000000000002,0.561,109.65
OB,02/14/2023 00:00:00,02/14/2023 01:00:00,4.440892098500626E-16,4.440892098500626E-16,1010.17,0,3.1086244689504383E-13,1.3322676295501878E-16,2.942091015256665E-14
GM,02/14/2023 01:00:00,02/14/2023 02:00:00,6.33,3.6,985.59,-2.7,2283.911475,1.9,640
GB,02/14/2023 01:00:00,02/14/2023 02:00:00,2.73,2.7300000000000004,985.59,0,1365,0.6006000000000001,117.39000000000001
GM,02/14/2023 02:00:00,02/14/2023 03:00:00,6.32,3.6,984.39,-2.7,2285.9914,1.9,640
GB,02/14/2023 02:00:00,02/14/2023 03:00:00,2.72,2.72,984.39,0,1360,0.5984,116.96000000000001
GM,02/14/2023 03:00:00,02/14/2023 04:00:00,6.38,3.6,984.1,-2.7,2309.0815000000002,1.9,640
GB,02/14/2023 03:00:00,02/14/2023 04:00:00,2.78,2.78,984.1,0,1390,0.6116,119.53999999999999
GM,02/14/2023 04:00:00,02/14/2023 05:00:00,7.02,3.6,985.59,-2.7,2532.8686499999994,1.9,640
GB,02/14/2023 04:00:00,02/14/2023 05:00:00,3.4199999999999995,3.42,985.59,0,1709.9999999999998,0.7524,147.05999999999997
GM,02/14/2023 05:00:00,02/14/2023 06:00:00,7.21,3.6,1057.17,-2.7,2214.353224999999,1.9,640
GB,02/14/2023 05:00:00,02/14/2023 06:00:00,3.61,3.61,1057.17,0,1805,0.7942,155.23
GM,02/14/2023 06:00:00,02/14/2023 07:00:00,7.4,3.6,1238.09,-2.7,1268.6004999999996,1.9,640
GB,02/14/2023 06:00:00,02/14/2023 07:00:00,3.8000000000000003,3.8,1238.09,0,1900.0000000000002,0.8360000000000001,163.4
OB,02/14/2023 06:00:00,02/14/2023 07:00:00,4.440892098500626E-16,4.440892098500626E-16,1238.09,0,3.1086244689504383E-13,1.3322676295501878E-16,2.942091015256665E-14
GM,02/14/2023 07:00:00,02/14/2023 08:00:00,6.92,3.6,1489.63,-2.7,-119.1797000000006,1.9,640
GB,02/14/2023 07:00:00,02/14/2023 08:00:00,3.32,3.3199999999999994,1489.63,0,1660,0.7303999999999999,142.76
OB,02/14/2023 07:00:00,02/14/2023 08:00:00,4.440892098500626E-16,4.440892098500626E-16,1489.63,0,3.1086244689504383E-13,1.3322676295501878E-16,2.942091015256665E-14
GM,02/14/2023 08:00:00,02/14/2023 09:00:00,7.06,3.6,1541.69,-2.7,-397.24855000000025,1.9,640
GB,02/14/2023 08:00:00,02/14/2023 09:00:00,3.4599999999999995,3.46,1541.69,0,1729.9999999999998,0.7612,148.78
GM,02/14/2023 09:00:00,02/14/2023 10:00:00,7.02,3.6,1345.2,-2.7,639.521999999999,1.9,640
GB,02/14/2023 09:00:00,02/14/2023 10:00:00,3.4199999999999995,3.42,1345.2,0,1709.9999999999998,0.7524,147.05999999999997
GM,02/14/2023 10:00:00,02/14/2023 11:00:00,7.12,3.6,1029.83,-2.7,2332.707799999999,1.9,640
GB,02/14/2023 10:00:00,02/14/2023 11:00:00,3.52,3.5199999999999996,1029.83,0,1760,0.7744,151.35999999999999
OB,02/14/2023 10:00:00,02/14/2023 11:00:00,4.440892098500626E-16,4.440892098500626E-16,1029.83,0,3.1086244689504383E-13,1.3322676295501878E-16,2.942091015256665E-14
GM,02/14/2023 11:00:00,02/14/2023 12:00:00,7.08,3.6,1036.53,-2.7,2284.0256999999992,1.9,640
GB,02/14/2023 11:00:00,02/14/2023 12:00:00,3.48,3.4799999999999995,1036.53,0,1740,0.7656000000000001,149.64
OB,02/14/2023 11:00:00,02/14/2023 12:00:00,4.440892098500626E-16,4.440892098500626E-16,1036.53,0,3.1086244689504383E-13,1.3322676295501878E-16,2.942091015256665E-14
GM,02/14/2023 12:00:00,02/14/2023 13:00:00,7.08,3.6,970.99,-2.7,2632.0431,1.9,640
GB,02/14/2023 12:00:00,02/14/2023 13:00:00,3.48,3.4799999999999995,970.99,0,1740,0.7656000000000001,149.64
OB,02/14/2023 12:00:00,02/14/2023 13:00:00,4.440892098500626E-16,4.440892098500626E-16,970.99,0,3.1086244689504383E-13,1.3322676295501878E-16,2.942091015256665E-14
GM,02/14/2023 13:00:00,02/14/2023 14:00:00,7,3.6,934.12,-2.7,2795.87,1.9,640
GB,02/14/2023 13:00:00,02/14/2023 14:00:00,3.4,3.3999999999999995,934.12,0,1700,0.748,146.2
OB,02/14/2023 13:00:00,02/14/2023 14:00:00,4.440892098500626E-16,4.440892098500626E-16,934.12,0,3.1086244689504383E-13,1.3322676295501878E-16,2.942091015256665E-14
GM,02/14/2023 14:00:00,02/14/2023 15:00:00,6.64,3.6,945.44,-2.7,2595.7088000000003,1.9,640
GB,02/14/2023 14:00:00,02/14/2023 15:00:00,3.0399999999999996,3.039999999999999,945.44,0,1519.9999999999998,0.6688,130.71999999999997
OB,02/14/2023 14:00:00,02/14/2023 15:00:00,4.440892098500626E-16,4.440892098500626E-16,945.44,0,3.1086244689504383E-13,1.3322676295501878E-16,2.942091015256665E-14
GM,02/14/2023 15:00:00,02/14/2023 16:00:00,7.09,3.6,985.59,-2.7,2558.125175,1.9,640
GB,02/14/2023 15:00:00,02/14/2023 16:00:00,3.4899999999999998,3.4899999999999998,985.59,0,1744.9999999999998,0.7678,150.07
GM,02/14/2023 16:00:00,02/14/2023 17:00:00,7.07,3.6,1137.39,-2.7,1745.989524999999,1.9,640
GB,02/14/2023 16:00:00,02/14/2023 17:00:00,3.47,3.47,1137.39,0,1735,0.7634000000000001,149.21
GM,02/14/2023 17:00:00,02/14/2023 18:00:00,7.03,3.6,1346.76,-2.7,632.2078999999994,1.9,640
GB,02/14/2023 17:00:00,02/14/2023 18:00:00,3.43,3.43,1346.76,0,1715,0.7546000000000002,147.49
GM,02/14/2023 18:00:00,02/14/2023 19:00:00,6.53,3.6,1489.63,-2.7,-112.46292500000072,1.9,640
GB,02/14/2023 18:00:00,02/14/2023 19:00:00,2.93,2.9300000000000006,1489.63,0,1465,0.6446000000000002,125.99000000000002
GM,02/14/2023 19:00:00,02/14/2023 20:00:00,6.38,3.6,1437.34,-2.7,140.32809999999972,1.9,640
GB,02/14/2023 19:00:00,02/14/2023 20:00:00,2.78,2.78,1437.34,0,1390,0.6116,119.53999999999999
GM,02/14/2023 20:00:00,02/14/2023 21:00:00,6.51,3.6,1309.52,-2.7,767.2686000000003,1.9,640
GB,02/14/2023 20:00:00,02/14/2023 21:00:00,2.9099999999999997,2.9099999999999997,1309.52,0,1454.9999999999998,0.6402,125.13
GM,02/14/2023 21:00:00,02/14/2023 22:00:00,6.34,3.6,1192.43,-2.7,1303.9953499999992,1.9,640
GB,02/14/2023 21:00:00,02/14/2023 22:00:00,2.7399999999999998,2.7399999999999998,1192.43,0,1369.9999999999998,0.6028,117.81999999999998
GM,02/14/2023 22:00:00,02/14/2023 23:00:00,6.41,3.6,1124.95,-2.7,1642.8028750000003,1.9,640
GB,02/14/2023 22:00:00,02/14/2023 23:00:00,2.81,2.8100000000000005,1124.95,0,1405,0.6182000000000001,120.83000000000001
GM,02/14/2023 23:00:00,02/15/2023 00:00:00,6.35,3.6,1055.68,-2.7,1957.3239999999996,1.9,640
GB,02/14/2023 23:00:00,02/15/2023 00:00:00,2.7499999999999996,2.7499999999999996,1055.68,0,1374.9999999999998,0.605,118.24999999999999
